metric,value_text,value_num
1. Loss Ratio,57.8%,0.5783487990623903
2. Frequency,0.1007,0.1007030846404707
3. Severity,"€1,659",1659.4431471940613
4. Pure Premium,€167.11,167.11104370793262
5. Earned Premium,€103.6M,103586653.2395742
