scenario,premium,losses,loss_ratio
Baseline,103586653.2395742,59909216.5,0.5783487990623903
+ Re-price 18-25,102453865.73201701,54986311.884,0.5366933838087155
+ Tighten Area B UW,99461197.0095721,52173150.07439999,0.5245578340403331
+ Non-renew top 249,99419074.00894198,34315656.847200006,0.3451617025130769
